trunk_name,zip_name,link,zip_path
TRAIN_0,cxu1qpzXobY_11.zip,1bqumsVlKhGpzIewZpns-VD155SSxbPft,/data/cyt/TrackingNet/TRAIN_0/zips/cxu1qpzXobY_11.zip
TRAIN_0,E9w2-Y4d3MM_0.zip,1UezwBBOpjGVtck0uEwF71PLT1O8DUST0,/data/cyt/TrackingNet/TRAIN_0/zips/E9w2-Y4d3MM_0.zip
TRAIN_0,cMdjRuUhBIs_1.zip,10sBa-bIiXCNgDo-uAgvtdcSlcPciFMfk,/data/cyt/TrackingNet/TRAIN_0/zips/cMdjRuUhBIs_1.zip
TRAIN_0,cMdjRuUhBIs_0.zip,1NfT-lmHPgHEzODb2uIPZ0fPH8d2NUYww,/data/cyt/TrackingNet/TRAIN_0/zips/cMdjRuUhBIs_0.zip
TRAIN_0,D7H1UQbgDOw_0.zip,1-w2fo0bfkwt1UxIHw5fYpCRg9XqUARB9,/data/cyt/TrackingNet/TRAIN_0/zips/D7H1UQbgDOw_0.zip
TRAIN_0,DHEtea1hPBc_0.zip,1lwuYBN-0u1mByryGtfHIBWhtHWuPGwGP,/data/cyt/TrackingNet/TRAIN_0/zips/DHEtea1hPBc_0.zip
TRAIN_0,cR2-4m174EM_0.zip,16I62zgp5AlTfd2h0aQnuWYTP8YgwfmEV,/data/cyt/TrackingNet/TRAIN_0/zips/cR2-4m174EM_0.zip
TRAIN_0,Ej0A86Eu1p8_0.zip,13hsrre8acuK9wWPPQ-sAM7sW0aYTxulK,/data/cyt/TrackingNet/TRAIN_0/zips/Ej0A86Eu1p8_0.zip
TRAIN_0,ElHgkP_L8Eg_0.zip,1r3x91JXfo4B14LLxiNumjTVbQlwgjvwX,/data/cyt/TrackingNet/TRAIN_0/zips/ElHgkP_L8Eg_0.zip
TRAIN_0,dAtQR4dHPgE_0.zip,1TppmktL1qyqa9ySScDt5NqwXMG-kYcZz,/data/cyt/TrackingNet/TRAIN_0/zips/dAtQR4dHPgE_0.zip
TRAIN_0,CMgYFnnxQUU_0.zip,1sAxWmctwbofyE1p7brVSDzUODmCIL1Dq,/data/cyt/TrackingNet/TRAIN_0/zips/CMgYFnnxQUU_0.zip
TRAIN_0,eQ6zyKVuU2s_0.zip,1Ai3cA58Oy04EZh7eyIXz2WGMIrqfcY-q,/data/cyt/TrackingNet/TRAIN_0/zips/eQ6zyKVuU2s_0.zip
TRAIN_0,DUO7S4ma320_1.zip,1UrBOkX3HPh9wuCF7d8pcuORyFjOwzzhJ,/data/cyt/TrackingNet/TRAIN_0/zips/DUO7S4ma320_1.zip
TRAIN_0,EwlCKB77dYo_3.zip,121FAtNQ5FSTPup4dDf7um0Nr8bcEAWR_,/data/cyt/TrackingNet/TRAIN_0/zips/EwlCKB77dYo_3.zip
TRAIN_0,eBSijengaq4_0.zip,1syWPlR2wBhWsVF27Jwf4NDlAPD_QU0K3,/data/cyt/TrackingNet/TRAIN_0/zips/eBSijengaq4_0.zip
TRAIN_0,eXvofXrEuU8_0.zip,10UcG-YkJ-pfb-kHMi87DAalCTLR1b2dH,/data/cyt/TrackingNet/TRAIN_0/zips/eXvofXrEuU8_0.zip
TRAIN_0,ETxRky6I39w_0.zip,1ZFWHNE-eiHfNJ5tIXbzG0-cvkzymLTgW,/data/cyt/TrackingNet/TRAIN_0/zips/ETxRky6I39w_0.zip
TRAIN_0,DfbPDcLTZEo_0.zip,1W6nXVmhURNaTR8BixICIBDE12ARv8Yn3,/data/cyt/TrackingNet/TRAIN_0/zips/DfbPDcLTZEo_0.zip
TRAIN_0,eJn0yGDjytc_0.zip,1kEVGb8ssLDN3WChleeweD38bAkd7D78s,/data/cyt/TrackingNet/TRAIN_0/zips/eJn0yGDjytc_0.zip
TRAIN_0,dwQuyR9XFVM_0.zip,1QyFsLYKTp4qmjZYBNeXjKcr_TMqe357s,/data/cyt/TrackingNet/TRAIN_0/zips/dwQuyR9XFVM_0.zip
TRAIN_0,DbcdvAsVI48_0.zip,1CPbS46RNgR2cHwvHqRAB8Ta-bkv9jhz1,/data/cyt/TrackingNet/TRAIN_0/zips/DbcdvAsVI48_0.zip
TRAIN_0,eRsf1_omRf4_15.zip,1hhIKMC0a2J1a36GAF6wxtWW0MojB6zRy,/data/cyt/TrackingNet/TRAIN_0/zips/eRsf1_omRf4_15.zip
TRAIN_0,daeBFAZFQhU_0.zip,1MB3tFBrMlogWQXJKNbuHk4gVPDVuQAVt,/data/cyt/TrackingNet/TRAIN_0/zips/daeBFAZFQhU_0.zip
TRAIN_0,cqd8PRxMakA_0.zip,12HDs600xUId3PSRfm9hw904pwc_zsy66,/data/cyt/TrackingNet/TRAIN_0/zips/cqd8PRxMakA_0.zip
TRAIN_0,DJ_neeMWAuw_2.zip,1UGnLPuzfhpzvKur_bCqUbfjLkRLz5pPM,/data/cyt/TrackingNet/TRAIN_0/zips/DJ_neeMWAuw_2.zip
TRAIN_0,CwYG2Hf6-NY_1.zip,1H6OcGccjXBQSj-xyb78jExRfiTr4U47Y,/data/cyt/TrackingNet/TRAIN_0/zips/CwYG2Hf6-NY_1.zip
TRAIN_0,DMBbH5HyOME_0.zip,1UNxG1Kheztpyk7p44hhWkz-YCoDJWc7x,/data/cyt/TrackingNet/TRAIN_0/zips/DMBbH5HyOME_0.zip
TRAIN_1,h8TnGCoSVeQ_0.zip,1y0AchsQaKmYYaIuweWnRrpENYCtjlfP-,/data/cyt/TrackingNet/TRAIN_1/zips/h8TnGCoSVeQ_0.zip
TRAIN_1,ABxlnMGfo5c_0.zip,1KiCi_P68Ermk8PAU_1FWXX4J70BQ_oqy,/data/cyt/TrackingNet/TRAIN_1/zips/ABxlnMGfo5c_0.zip
TRAIN_1,LhkFN7f676g_0.zip,1LW2pHluoeJoFii4gM-0_F4PguStduKgW,/data/cyt/TrackingNet/TRAIN_1/zips/LhkFN7f676g_0.zip
TRAIN_1,5F5fgLUXow8_8.zip,1cRamKnY3ZFbEJPJYhj0LC3LZDm5QAZh3,/data/cyt/TrackingNet/TRAIN_1/zips/5F5fgLUXow8_8.zip
TRAIN_1,qEjyhyeCIR8_3.zip,1mOpq9yPbisMWfHHkaf4yy-RzMtYLiAfJ,/data/cyt/TrackingNet/TRAIN_1/zips/qEjyhyeCIR8_3.zip
TRAIN_1,8G_vBzM-Ws4_1.zip,11dJDig5HgS8EF2q-XLc3_fxmuWGq3MJD,/data/cyt/TrackingNet/TRAIN_1/zips/8G_vBzM-Ws4_1.zip
TRAIN_1,A0jhzA4HvrY_0.zip,1wfFdlAddu-v5oZFL8qIs1dAntnNX0Sxm,/data/cyt/TrackingNet/TRAIN_1/zips/A0jhzA4HvrY_0.zip
TRAIN_1,a4Nt5QxFqmY_1.zip,1TiEK28K0fRAe0a7RswHTrlNcMCOxT8-Z,/data/cyt/TrackingNet/TRAIN_1/zips/a4Nt5QxFqmY_1.zip
TRAIN_1,jzNOBsi5TtQ_0.zip,1MF7jMqLX_qtsGiIhMVMSDdmuuhyc1Gwh,/data/cyt/TrackingNet/TRAIN_1/zips/jzNOBsi5TtQ_0.zip
TRAIN_1,itNqceL9dLM_0.zip,1UO6VD04EDpwCbd_v4rq5FPEbGxeCqItu,/data/cyt/TrackingNet/TRAIN_1/zips/itNqceL9dLM_0.zip
TRAIN_1,mJ6qCcS_-AQ_0.zip,1aK0czP83t0V8SZFxwwNOZfudtIvCC6z5,/data/cyt/TrackingNet/TRAIN_1/zips/mJ6qCcS_-AQ_0.zip
TRAIN_1,i_l48nIXjxw_0.zip,1qejdvwtazZwMnYMfP6WkhoEGNauH4PYe,/data/cyt/TrackingNet/TRAIN_1/zips/i_l48nIXjxw_0.zip
TRAIN_1,m4Ozpr8E1EE_1.zip,11iQhmZ-jlNbQVI8_mDtoYSpnoLbFA7w2,/data/cyt/TrackingNet/TRAIN_1/zips/m4Ozpr8E1EE_1.zip
TRAIN_1,lI-A6pFtkLQ_0.zip,1APbnRs3HbQ__At3QU3ZCDXazz3TQ8u2h,/data/cyt/TrackingNet/TRAIN_1/zips/lI-A6pFtkLQ_0.zip
TRAIN_2,4PNvdZPZIdM_0.zip,1mqoHN683GiwGBJW70VpYOJmYqdPHvoQ2,/data/cyt/TrackingNet/TRAIN_2/zips/4PNvdZPZIdM_0.zip
TRAIN_2,6v_NKAM10sA_5.zip,1rKSKH54iSdYMtK0lEcV2Zce6o6s2ScPF,/data/cyt/TrackingNet/TRAIN_2/zips/6v_NKAM10sA_5.zip
TRAIN_2,9ShZpsmuvc4_1.zip,1EiW2vIsZCXoKAfJKwev8H22OWtI7ui-B,/data/cyt/TrackingNet/TRAIN_2/zips/9ShZpsmuvc4_1.zip
TRAIN_2,7LTKFUY3Xo8_0.zip,1JYQMyMdVApWhQxpwTlSNrT-YocfYZYYz,/data/cyt/TrackingNet/TRAIN_2/zips/7LTKFUY3Xo8_0.zip
TRAIN_2,4SrP2aSHoRk_0.zip,1qm6Gud7uTpa7N9mbL3kpEGbcmtWY-X1b,/data/cyt/TrackingNet/TRAIN_2/zips/4SrP2aSHoRk_0.zip
TRAIN_2,6uMmknjq0mg_0.zip,1c2JTTG-NtQKodBTYlC818sldB-gVu7kq,/data/cyt/TrackingNet/TRAIN_2/zips/6uMmknjq0mg_0.zip
TRAIN_2,96iqXHgOXKY_0.zip,1n04281CpxavGQjDiPL6OJ0FPmXGW3A0Y,/data/cyt/TrackingNet/TRAIN_2/zips/96iqXHgOXKY_0.zip
TRAIN_2,A8gL-e9dRa8_2.zip,1InyxivJWLK9dadc-HRW1PEk7ipRvyKV1,/data/cyt/TrackingNet/TRAIN_2/zips/A8gL-e9dRa8_2.zip
TRAIN_2,9rvVWyyuud0_0.zip,12AEPMMfwtCWrBn80unBOk_cXBEzUNyWy,/data/cyt/TrackingNet/TRAIN_2/zips/9rvVWyyuud0_0.zip
TRAIN_2,8CJRCoA1Rps_0.zip,1roy9oGWF8yRjVpDLqN-DAGLAfewQAT1n,/data/cyt/TrackingNet/TRAIN_2/zips/8CJRCoA1Rps_0.zip
TRAIN_2,6zPgsocp4bY_9.zip,111CbRumxJ7FonsEkTdL_5Jg4NO1E22Vs,/data/cyt/TrackingNet/TRAIN_2/zips/6zPgsocp4bY_9.zip
TRAIN_2,AFLrK88FzTI_0.zip,1xa6fQXkKiajLEYwT0oOL5J5e2q4IOVqN,/data/cyt/TrackingNet/TRAIN_2/zips/AFLrK88FzTI_0.zip
TRAIN_2,8Qr-5_567tI_1.zip,1h6_RF5r-WEJw-NDUojEk8Ji1ZZa8B1cz,/data/cyt/TrackingNet/TRAIN_2/zips/8Qr-5_567tI_1.zip
TRAIN_2,5of5t38DQL4_0.zip,1Ky6JGCc7f-GMZN-nDXCnZ8CupUG_riml,/data/cyt/TrackingNet/TRAIN_2/zips/5of5t38DQL4_0.zip
TRAIN_2,7bqlApH5GwI_1.zip,1uvonpn3dLq8fMWV3lRa3gM39VTvmZStI,/data/cyt/TrackingNet/TRAIN_2/zips/7bqlApH5GwI_1.zip
TRAIN_2,5nkh3PK6lBs_0.zip,1aYyfVxNIMaBV1skR1K9GQSTdZlSVJgPH,/data/cyt/TrackingNet/TRAIN_2/zips/5nkh3PK6lBs_0.zip
TRAIN_2,8ewNcrMhg-w_0.zip,12mz_Aht-9OO4ZEKpS54skOuOfYmCA5yC,/data/cyt/TrackingNet/TRAIN_2/zips/8ewNcrMhg-w_0.zip
TRAIN_2,6PwE6q6pebc_1.zip,1CfcxN4Fa0iHIqIvcq60zbY2DOEqIqZM6,/data/cyt/TrackingNet/TRAIN_2/zips/6PwE6q6pebc_1.zip
TRAIN_2,6v_NKAM10sA_9.zip,1IqyAU7CpM9XwetBxEq-ylcXx3DGI2Inj,/data/cyt/TrackingNet/TRAIN_2/zips/6v_NKAM10sA_9.zip
TRAIN_2,8VkbfdMQrR8_0.zip,1ZT3IliYL21GIAJwnaILLSgV-S0YyfABb,/data/cyt/TrackingNet/TRAIN_2/zips/8VkbfdMQrR8_0.zip
TRAIN_2,AByCCGnybVU_1.zip,1pzdt7L3-P7jlZBb5-qjVM8f0cEjjgkku,/data/cyt/TrackingNet/TRAIN_2/zips/AByCCGnybVU_1.zip
TRAIN_2,6med3JZ2k40_0.zip,1YfZxj5Aolu5u_txteZrvC58oF8fuB472,/data/cyt/TrackingNet/TRAIN_2/zips/6med3JZ2k40_0.zip
TRAIN_2,AjroIzI2OW8_2.zip,1AMQXwLrxGrIJYJishwYmVxaQb2LOUcW0,/data/cyt/TrackingNet/TRAIN_2/zips/AjroIzI2OW8_2.zip
TRAIN_2,77GychcVDRI_0.zip,1SFUmswt_1wm0bu7KDFoKAMgYeMFCbkv2,/data/cyt/TrackingNet/TRAIN_2/zips/77GychcVDRI_0.zip
TRAIN_3,ADn8ZdVYOcc_0.zip,1i7jOq9tZRuwLw34nBWzFv7_2Nushahro,/data/cyt/TrackingNet/TRAIN_3/zips/ADn8ZdVYOcc_0.zip
TRAIN_3,AYj70IRvvwI_3.zip,1u9az9y6MQncf342PT5PQ02aJ4nuOtDDI,/data/cyt/TrackingNet/TRAIN_3/zips/AYj70IRvvwI_3.zip
TRAIN_3,AnD6ijSktyM_0.zip,16tHApIZ7dcx9CX3Dq9VcU4jWDRYm469c,/data/cyt/TrackingNet/TRAIN_3/zips/AnD6ijSktyM_0.zip
TRAIN_3,AJZ65x_ashE_0.zip,1cvesshFrgZh4xTTYaNpVC9O9Ih7j26k4,/data/cyt/TrackingNet/TRAIN_3/zips/AJZ65x_ashE_0.zip
TRAIN_3,aG1c8x5Dl-w_4.zip,1e4wqrF-6c3NmYCQ3tVN15KfET8FvjOn_,/data/cyt/TrackingNet/TRAIN_3/zips/aG1c8x5Dl-w_4.zip
TRAIN_3,aoizdynEVYU_0.zip,14Q6vWlEmY15J1Y9Ef8UtGPiMTx6D2gDi,/data/cyt/TrackingNet/TRAIN_3/zips/aoizdynEVYU_0.zip
TRAIN_3,Ai29fDmklxM_1.zip,1ccXZ3z26qM8YzoD3ytcbpnECXRrAyWYr,/data/cyt/TrackingNet/TRAIN_3/zips/Ai29fDmklxM_1.zip
TRAIN_3,AfHkdkvxhNs_0.zip,1qx5AnUYBTAlnK0kF9uZMo_FknUfaIwsL,/data/cyt/TrackingNet/TRAIN_3/zips/AfHkdkvxhNs_0.zip
TRAIN_3,bA8lz4kTY-0_5.zip,1PaFgBY2E7jwtmq73WPNK9nCYdOWj5t7M,/data/cyt/TrackingNet/TRAIN_3/zips/bA8lz4kTY-0_5.zip
TRAIN_3,Azh82KkzMVs_1.zip,1RUPh_pD5rrDciMcYyj-vL9C57S2rRPws,/data/cyt/TrackingNet/TRAIN_3/zips/Azh82KkzMVs_1.zip
TRAIN_3,Ayo9w6aKSY0_0.zip,1plkDcgtzDUVZgVH7UucT8TZYwQIBuSr_,/data/cyt/TrackingNet/TRAIN_3/zips/Ayo9w6aKSY0_0.zip
TRAIN_3,AxLiwCy5umU_0.zip,1tXnFzTJ7qMr8TgoHwfJVxvPR3YYc6XoX,/data/cyt/TrackingNet/TRAIN_3/zips/AxLiwCy5umU_0.zip
TRAIN_3,AknHhsIpRqc_0.zip,1Yx7YTU8U-O4MA3-SBm8zrYXfFuiXqwF7,/data/cyt/TrackingNet/TRAIN_3/zips/AknHhsIpRqc_0.zip
TRAIN_3,ainWSZibSIM_1.zip,1EWZ8cMyg8dzNSPWELumTzkvh3Xx7trEV,/data/cyt/TrackingNet/TRAIN_3/zips/ainWSZibSIM_1.zip
TRAIN_3,B7pEEUJ-J1g_1.zip,1SRZX7F1ZFJk39158hfpHHorykV3ApSHH,/data/cyt/TrackingNet/TRAIN_3/zips/B7pEEUJ-J1g_1.zip
TRAIN_3,ANmJ_3l01rw_3.zip,1c-ABuhTZpauoJ-MrsEjMFli5nS_GLUk4,/data/cyt/TrackingNet/TRAIN_3/zips/ANmJ_3l01rw_3.zip
TRAIN_3,ALjxXEqJFTg_0.zip,1aZeaAkOCF9JFXar5iWF841OxLl4lwkfg,/data/cyt/TrackingNet/TRAIN_3/zips/ALjxXEqJFTg_0.zip
TRAIN_4,a1ADw1megCI_1.zip,1XQEb_gZ5WF3Ux7Bde5se52IQbp3h_D1u,/data/cyt/TrackingNet/TRAIN_4/zips/a1ADw1megCI_1.zip
TRAIN_4,apcgot45Ql0_0.zip,1mH6xRLjDeKSatTfN3ohXY-2rveKGuOEt,/data/cyt/TrackingNet/TRAIN_4/zips/apcgot45Ql0_0.zip
TRAIN_4,aER-VrHLWwY_0.zip,1nMEwVOzE8KgcM1-nZ58APN3isnb7VYxg,/data/cyt/TrackingNet/TRAIN_4/zips/aER-VrHLWwY_0.zip
TRAIN_4,adiBUyRiBfo_1.zip,16oQQCcoJ0VaVMS7UapVTPxn0_sKTWMSR,/data/cyt/TrackingNet/TRAIN_4/zips/adiBUyRiBfo_1.zip
TRAIN_4,a3dbdHben-o_0.zip,1__t62rJ3wD4cj4aJ8Xxa2nsBLmeIaXjW,/data/cyt/TrackingNet/TRAIN_4/zips/a3dbdHben-o_0.zip
TRAIN_4,aERed6pg_h8_0.zip,1ntIVx90C0WcgQDpivgSu1yiOVKqcf-IY,/data/cyt/TrackingNet/TRAIN_4/zips/aERed6pg_h8_0.zip
TRAIN_4,aBBtHXQoEtM_2.zip,1EjRDMiVOMAe0_Jyw_nyRlSi0N9P9aDOj,/data/cyt/TrackingNet/TRAIN_4/zips/aBBtHXQoEtM_2.zip
TRAIN_4,aeIzIOSHZek_0.zip,1dApgDdxqgmyeGziZaXcERSfuNiAP-YgH,/data/cyt/TrackingNet/TRAIN_4/zips/aeIzIOSHZek_0.zip
TRAIN_4,aJChqX9Ki8A_5.zip,11GXdVY07ESrGQBVANA2Ip-Z6ghE3Cr6x,/data/cyt/TrackingNet/TRAIN_4/zips/aJChqX9Ki8A_5.zip
TRAIN_4,alzWhOivD0E_0.zip,1d3xtO-QWgah-Ss1xxJSJ_KoreglLAGpt,/data/cyt/TrackingNet/TRAIN_4/zips/alzWhOivD0E_0.zip
TRAIN_4,aVm9jp_ttsk_1.zip,1n63kQZDPEXcNixWXCCdE4ibk6cTNlzIV,/data/cyt/TrackingNet/TRAIN_4/zips/aVm9jp_ttsk_1.zip
TRAIN_4,aacFWGARp08_0.zip,1E6lpiSqUqIsN6b83KC60pBnlRQ97Ioap,/data/cyt/TrackingNet/TRAIN_4/zips/aacFWGARp08_0.zip
TRAIN_4,aDte-e70l7U_0.zip,1m5eRynhG9XVDkwvwhgyq0YNsQ-1Gmmvm,/data/cyt/TrackingNet/TRAIN_4/zips/aDte-e70l7U_0.zip
TRAIN_4,aHrTcxckS-A_1.zip,1h3cQaTYq5f3gGDSHgNRR_-ELSPYx3vuV,/data/cyt/TrackingNet/TRAIN_4/zips/aHrTcxckS-A_1.zip
TRAIN_4,avonCFmxPyg_1.zip,1KwqApqw0GMi4RqGz_M72lRA_NaGYEakl,/data/cyt/TrackingNet/TRAIN_4/zips/avonCFmxPyg_1.zip
TRAIN_6,DUZhPq4FiJM_1.zip,1Cs48UWn2aBN8kPXpr6JryCSfXL_JIRY1,/data/cyt/TrackingNet/TRAIN_6/zips/DUZhPq4FiJM_1.zip
TRAIN_6,DTZkCYvGZ9E_0.zip,1La9kZjnAzj_xe-ylrjG83EtcsDBJmSXL,/data/cyt/TrackingNet/TRAIN_6/zips/DTZkCYvGZ9E_0.zip
TRAIN_6,Dlg5BFm20wI_0.zip,1VFqTtvIoiNp67jZifMu7pjmONw4cRKOZ,/data/cyt/TrackingNet/TRAIN_6/zips/Dlg5BFm20wI_0.zip
TRAIN_6,eFbOmylKLps_0.zip,1LOlorTRbzLco8hN2E563Vb7Pce7w3HZi,/data/cyt/TrackingNet/TRAIN_6/zips/eFbOmylKLps_0.zip
TRAIN_6,DSM_BlK-ggg_2.zip,14dzC4YBZuiicagk1bx9xJryWWZbCzfN3,/data/cyt/TrackingNet/TRAIN_6/zips/DSM_BlK-ggg_2.zip
TRAIN_6,elfDIDNaxO8_0.zip,1KGQItq6e3ZJJ-CWf9ors-m3_4mcxloR7,/data/cyt/TrackingNet/TRAIN_6/zips/elfDIDNaxO8_0.zip
TRAIN_6,ETQi93bP3YQ_2.zip,1skTNUt3tQAfBOn-6RnL3w-4czmRfIxes,/data/cyt/TrackingNet/TRAIN_6/zips/ETQi93bP3YQ_2.zip
TRAIN_6,eiirsESzuHs_0.zip,1zg7UlEL63IlWzRNaSsuPBgmPV6SOMfgz,/data/cyt/TrackingNet/TRAIN_6/zips/eiirsESzuHs_0.zip
TRAIN_6,fIVT3rTMptI_1.zip,15tCjgWrg7_abIODivFmlIEESmfHu26aD,/data/cyt/TrackingNet/TRAIN_6/zips/fIVT3rTMptI_1.zip
TRAIN_6,fCsSoErwvfw_2.zip,1pMp8QIlHmLUxDKBMMgAcIiFGM1--EZ-f,/data/cyt/TrackingNet/TRAIN_6/zips/fCsSoErwvfw_2.zip
TRAIN_6,Dv1e0Y8A8yg_0.zip,1iU1C22wIHRoIpJEVEsGX62sMp4I2l13L,/data/cyt/TrackingNet/TRAIN_6/zips/Dv1e0Y8A8yg_0.zip
TRAIN_6,DVqsCPYrMrg_0.zip,1SK3VIzomzxMDCfg7Nbm3Qe4eiLOTwVDq,/data/cyt/TrackingNet/TRAIN_6/zips/DVqsCPYrMrg_0.zip
TRAIN_6,DzlfBATujA8_1.zip,1qkGp4DaulDU8CyMed2G2cGu51f14LSMA,/data/cyt/TrackingNet/TRAIN_6/zips/DzlfBATujA8_1.zip
TRAIN_6,DUHEv94Tyno_2.zip,1nhREni3rfqE_RV54pKPaopRM2hK7_UXW,/data/cyt/TrackingNet/TRAIN_6/zips/DUHEv94Tyno_2.zip
TRAIN_6,DP6ZB5PxNfc_0.zip,1RX0XDVw8_dS3Bs4OVV0_qsfNhcM-2dLq,/data/cyt/TrackingNet/TRAIN_6/zips/DP6ZB5PxNfc_0.zip
TRAIN_6,eea6uRdJLL4_1.zip,1sQT9xcWBJ8WBq-ubwWLLwwp7BWn_ypND,/data/cyt/TrackingNet/TRAIN_6/zips/eea6uRdJLL4_1.zip
TRAIN_6,DKZ21QA0lBM_1.zip,1dolDX7KxSVwpJlYrIt1fE_jc-noIjVww,/data/cyt/TrackingNet/TRAIN_6/zips/DKZ21QA0lBM_1.zip
TRAIN_6,fdbvWvUoFW8_3.zip,1tdOxnsw_A49zseq0CnG88FWuQsnenjl_,/data/cyt/TrackingNet/TRAIN_6/zips/fdbvWvUoFW8_3.zip
TRAIN_6,F4DJmxH-fuw_0.zip,1-59Hq9j4lKdT3HekJOWi8HhIvAE8kULn,/data/cyt/TrackingNet/TRAIN_6/zips/F4DJmxH-fuw_0.zip
TRAIN_6,DkTqTY04y30_1.zip,1SFcNzh0MZAeEeK-MjVOZ8ysl90GMibLX,/data/cyt/TrackingNet/TRAIN_6/zips/DkTqTY04y30_1.zip
TRAIN_6,ebMZJ-lUhbw_1.zip,1fBoDtESrhCQ3n1CAvWeBjg8vtl92AMPt,/data/cyt/TrackingNet/TRAIN_6/zips/ebMZJ-lUhbw_1.zip
TRAIN_6,DZ4G9EBImOM_1.zip,11P5UNbgnMFbVAiXLEPSU6ZqM974MzL69,/data/cyt/TrackingNet/TRAIN_6/zips/DZ4G9EBImOM_1.zip
TRAIN_6,DOhLqHOLbQY_0.zip,1wvbLaALx6IecuO8KkmYsLTEEG9UVDddN,/data/cyt/TrackingNet/TRAIN_6/zips/DOhLqHOLbQY_0.zip
TRAIN_7,dzyVndvBofo_1.zip,15y7gMTaec1uYxGXIyzhYYBbyrioRwOqW,/data/cyt/TrackingNet/TRAIN_7/zips/dzyVndvBofo_1.zip
TRAIN_7,eGp90l6AeQM_4.zip,187n8zrEk-mWvwgqY9vDtL5sHZNpZRlAY,/data/cyt/TrackingNet/TRAIN_7/zips/eGp90l6AeQM_4.zip
TRAIN_7,d1Quy8k5O88_0.zip,1s8ggYX8wXzIM9r0v_qm9Yzhac00eNpfa,/data/cyt/TrackingNet/TRAIN_7/zips/d1Quy8k5O88_0.zip
TRAIN_7,ED-QWlNA_QI_0.zip,1JGGSlP-rCwWvzI2_E30ffP7X59gjD-fO,/data/cyt/TrackingNet/TRAIN_7/zips/ED-QWlNA_QI_0.zip
TRAIN_7,D0TTR7qCVXQ_0.zip,1vxryLbkMO-WxnFrA7xGQKJMh5DuRxP2G,/data/cyt/TrackingNet/TRAIN_7/zips/D0TTR7qCVXQ_0.zip
TRAIN_7,dkxLcr2kvIM_1.zip,1yRfW2_3FF2wcn25Yfe30xqfWiEDyUWOT,/data/cyt/TrackingNet/TRAIN_7/zips/dkxLcr2kvIM_1.zip
TRAIN_7,cZz6eOuSV9Y_0.zip,15EH21GWHISwdBxROYFnUpTrWmcsf2dxv,/data/cyt/TrackingNet/TRAIN_7/zips/cZz6eOuSV9Y_0.zip
TRAIN_7,eFeLxXgEWb4_9.zip,1oCROfA_UR0WsWFNsDD4daFqh9LTLvn3h,/data/cyt/TrackingNet/TRAIN_7/zips/eFeLxXgEWb4_9.zip
TRAIN_7,Dp6qJvgV4fQ_0.zip,1E-pu5121sG724QkolPVPlnKYwHoqk1KG,/data/cyt/TrackingNet/TRAIN_7/zips/Dp6qJvgV4fQ_0.zip
TRAIN_7,dlNMnGKJJjU_0.zip,1pr65ccxTSBfdFF57y4k4_II4yBPpuAqV,/data/cyt/TrackingNet/TRAIN_7/zips/dlNMnGKJJjU_0.zip
TRAIN_7,D6LDq6Q1Aic_0.zip,1CjeU2NOdtURNA0JsXtTugk3949C6QLFM,/data/cyt/TrackingNet/TRAIN_7/zips/D6LDq6Q1Aic_0.zip
TRAIN_7,dD_PbxvCBcA_1.zip,1ZVZeqHs65s983G84_Iyl6I7v0vDYd66j,/data/cyt/TrackingNet/TRAIN_7/zips/dD_PbxvCBcA_1.zip
TRAIN_7,dGS01inQU1U_1.zip,1jkUJBz618MOqdCeJUKZzAokxQiqnB5NI,/data/cyt/TrackingNet/TRAIN_7/zips/dGS01inQU1U_1.zip
TRAIN_7,dICl73jYZ3M_0.zip,1_Bdnah-WixXi_jtWTIW2ONVdHoMRj5hV,/data/cyt/TrackingNet/TRAIN_7/zips/dICl73jYZ3M_0.zip
TRAIN_7,dlIG99k9Hoo_0.zip,1t1mnPzdU0ADKShof7k6pkFF3f-CpHwBx,/data/cyt/TrackingNet/TRAIN_7/zips/dlIG99k9Hoo_0.zip
TRAIN_7,dDA5p5TJ03g_0.zip,1za5PaWYtstBlERVAHIv_Ej6Hxu7bt8gt,/data/cyt/TrackingNet/TRAIN_7/zips/dDA5p5TJ03g_0.zip
TRAIN_7,eboXP28MlOE_0.zip,1xLh4NKyTwHBbIKpj5bBp4iVdD4ZpIkYw,/data/cyt/TrackingNet/TRAIN_7/zips/eboXP28MlOE_0.zip
TRAIN_7,eHlKAc_jO3w_0.zip,1Ncv8AuQpe5_RU1e4nk8vMDioLkIvxHtE,/data/cyt/TrackingNet/TRAIN_7/zips/eHlKAc_jO3w_0.zip
TRAIN_7,dCZ9suBocXk_0.zip,1zLlUBXa9V3mkoCSBu5q-o5_fRz2DrEwq,/data/cyt/TrackingNet/TRAIN_7/zips/dCZ9suBocXk_0.zip
TRAIN_7,dW4DX7lQoGg_0.zip,1INrrGeigA9IYFbQoSk5vK1TCZRShHzgD,/data/cyt/TrackingNet/TRAIN_7/zips/dW4DX7lQoGg_0.zip
TRAIN_7,E-VRMpgKXIE_7.zip,1C5HkDm03OU2gL0tKycWVTNO1A75Uj200,/data/cyt/TrackingNet/TRAIN_7/zips/E-VRMpgKXIE_7.zip
TRAIN_7,HeUD1Hrzswg_0.zip,1OoAJxgrmaxXHfO45WEDE3bZy9x-kykZc,/data/cyt/TrackingNet/TRAIN_7/zips/HeUD1Hrzswg_0.zip
TRAIN_7,dhiYTV7DJLY_0.zip,1mHYn1A55mwW9SpuoJIF6AxK-UBwXNhc9,/data/cyt/TrackingNet/TRAIN_7/zips/dhiYTV7DJLY_0.zip
TRAIN_7,dBS9maEElcw_0.zip,1IeKBZx1HZbDwBlv3XXhLZLnyC1Zt6oTC,/data/cyt/TrackingNet/TRAIN_7/zips/dBS9maEElcw_0.zip
TRAIN_7,eeEjRmROBZs_0.zip,1D59H-nKkcMtomxx6JLr18GaUJ-2DXaDh,/data/cyt/TrackingNet/TRAIN_7/zips/eeEjRmROBZs_0.zip
TRAIN_7,cU7sT9UHs7s_0.zip,1TtS1ZL04noKge6YGTKwRLeadSqm7GIBU,/data/cyt/TrackingNet/TRAIN_7/zips/cU7sT9UHs7s_0.zip
TRAIN_7,dECTTSpEUKg_0.zip,1TUDsJgeJYWaiInqRqWXG7WyiBYxbn3hm,/data/cyt/TrackingNet/TRAIN_7/zips/dECTTSpEUKg_0.zip
TRAIN_7,DxsdKCCUvCY_0.zip,1GHn_QfHS_P4z4OxgaXVkt8XrOBOGMOjS,/data/cyt/TrackingNet/TRAIN_7/zips/DxsdKCCUvCY_0.zip
TRAIN_7,DzW2oC31Gcs_1.zip,1D5GdZdTnF40po5IIrTRpdvfZLjkyPEX_,/data/cyt/TrackingNet/TRAIN_7/zips/DzW2oC31Gcs_1.zip
TRAIN_7,eC-5SEhAGvo_0.zip,1RU6Eu49TvWblqSQ2vTqC50PgNPe-Dfs7,/data/cyt/TrackingNet/TRAIN_7/zips/eC-5SEhAGvo_0.zip
TRAIN_7,cZPvtKaqRxc_0.zip,1huNXlsIJYUH2mhqJz1Qx1S7x-qfhDzlm,/data/cyt/TrackingNet/TRAIN_7/zips/cZPvtKaqRxc_0.zip
TRAIN_8,ERR-qjVJ3lY_0.zip,1hwz0AeLCMuR7lsgLFLAAkeYgXyAvGg68,/data/cyt/TrackingNet/TRAIN_8/zips/ERR-qjVJ3lY_0.zip
TRAIN_8,E-DE7HZ04WY_1.zip,11XJFmEijGHT1rDvMgE-M-Nt7jQlSSyjn,/data/cyt/TrackingNet/TRAIN_8/zips/E-DE7HZ04WY_1.zip
TRAIN_8,EVn52FBjG9E_0.zip,1pDYsntefUpeYzetxAtJU7BVqqj8uvSpF,/data/cyt/TrackingNet/TRAIN_8/zips/EVn52FBjG9E_0.zip
TRAIN_8,fDe30IPiQ0Y_1.zip,1S6RQjpmxEcCrzTkRdeuROUfDIvFz8f2v,/data/cyt/TrackingNet/TRAIN_8/zips/fDe30IPiQ0Y_1.zip
TRAIN_8,Eaxszmfn7WA_1.zip,1uybhX48MXk3gnDXEjl5yAVJ2ML-a7vTl,/data/cyt/TrackingNet/TRAIN_8/zips/Eaxszmfn7WA_1.zip
TRAIN_8,E1pmsS_ufrs_0.zip,1wIeK3Dkrwu6a8Ah2oBlnLs9LV4z1dA_M,/data/cyt/TrackingNet/TRAIN_8/zips/E1pmsS_ufrs_0.zip
TRAIN_8,dSAYK4yUlDs_2.zip,12p2bQ8_q9k1IubBR1DOUrzUqSouFyWgr,/data/cyt/TrackingNet/TRAIN_8/zips/dSAYK4yUlDs_2.zip
TRAIN_8,eq2VUeTEEGM_0.zip,1fioqSLPLs_rj_BM66mKxwjsAS1ldnEHt,/data/cyt/TrackingNet/TRAIN_8/zips/eq2VUeTEEGM_0.zip
TRAIN_8,EumfsHXsVGk_0.zip,1Le_W3TmcL5AyzuP4z3laCOm-uDBdxMm7,/data/cyt/TrackingNet/TRAIN_8/zips/EumfsHXsVGk_0.zip
TRAIN_8,dWd0sszZOXc_0.zip,13H-HOv4RG6THi1UzhQwFgI95T2FLBUIk,/data/cyt/TrackingNet/TRAIN_8/zips/dWd0sszZOXc_0.zip
TRAIN_8,E6A8vfHTdOQ_0.zip,1XC_PzNAEmpFl235mWCxMt0eIAKF9gsMZ,/data/cyt/TrackingNet/TRAIN_8/zips/E6A8vfHTdOQ_0.zip
TRAIN_8,Eh-x-OzZxGo_0.zip,1LI3taJJDrbWiOYioYjBGXG8PBeG-sUeR,/data/cyt/TrackingNet/TRAIN_8/zips/Eh-x-OzZxGo_0.zip
TRAIN_8,dtR2UeJbIvg_0.zip,1jPlDWZgeXO-l7pjm-WnlzlYz_Jca5FMU,/data/cyt/TrackingNet/TRAIN_8/zips/dtR2UeJbIvg_0.zip
TRAIN_8,dQI-ReUS1hk_0.zip,1pzK4wRmmWgn0JxZS46CLht8Dyisdxhfc,/data/cyt/TrackingNet/TRAIN_8/zips/dQI-ReUS1hk_0.zip
TRAIN_8,FDfaLuM3y5A_0.zip,1KWQ1lLZ4-vI91lzMcl8BHtnR2YVKAxrZ,/data/cyt/TrackingNet/TRAIN_8/zips/FDfaLuM3y5A_0.zip
TRAIN_8,dYosdOz5mZo_0.zip,1DUMYQiYXJcuw91aDNmRkdHghlC_oYH6L,/data/cyt/TrackingNet/TRAIN_8/zips/dYosdOz5mZo_0.zip
TRAIN_8,E-h1XNBlqsE_0.zip,17an_ZhAceL6rhC2MgDByTVPpn_w8PR4K,/data/cyt/TrackingNet/TRAIN_8/zips/E-h1XNBlqsE_0.zip
TRAIN_8,effHbT0DhsY_1.zip,1jrNsc4QGglbptHxgY9JO37T96QuqflQJ,/data/cyt/TrackingNet/TRAIN_8/zips/effHbT0DhsY_1.zip
TRAIN_8,dWXSWEaCId8_1.zip,1tWhccRLoLH7kqfT7D1WlA7f8zX8LBLzy,/data/cyt/TrackingNet/TRAIN_8/zips/dWXSWEaCId8_1.zip
TRAIN_8,fDBgRd9yK8Q_4.zip,1Mwmub4WOu-8ZjW05ladktMtFp9eZIsPr,/data/cyt/TrackingNet/TRAIN_8/zips/fDBgRd9yK8Q_4.zip
TRAIN_8,ez7mJtg4aoU_0.zip,114dMIr7IpT_M6nayV90v-9yOtN8XvY6v,/data/cyt/TrackingNet/TRAIN_8/zips/ez7mJtg4aoU_0.zip
TRAIN_9,HH9wMNMJ2sE_0.zip,12y8_4JQmLkeKbNZsjWlBq4EsZSR7vEbu,/data/cyt/TrackingNet/TRAIN_9/zips/HH9wMNMJ2sE_0.zip
TRAIN_9,gWpNWuo7vio_2.zip,15vSdPyVRRhdLjVjBqzuooCBhVBQ3xHGI,/data/cyt/TrackingNet/TRAIN_9/zips/gWpNWuo7vio_2.zip
TRAIN_9,GCHyhn505e4_0.zip,14XArl9OM_3hI5bZalqBHvNrS1zXX8V7A,/data/cyt/TrackingNet/TRAIN_9/zips/GCHyhn505e4_0.zip
TRAIN_9,gHvzU7dfBU8_0.zip,1AeAAJCiMgkA5XOMS5P246p3jgeC57VQM,/data/cyt/TrackingNet/TRAIN_9/zips/gHvzU7dfBU8_0.zip
TRAIN_9,HW7yQK_j65g_0.zip,1YHehGwcKI62IAOHWd0IW7qmrC7sedNKS,/data/cyt/TrackingNet/TRAIN_9/zips/HW7yQK_j65g_0.zip
TRAIN_9,gw9MjutMhLs_2.zip,1eLhfcimTPypsrBntckLG8eZ3sty8bT2-,/data/cyt/TrackingNet/TRAIN_9/zips/gw9MjutMhLs_2.zip
TRAIN_9,hUJMSp4rMrc_0.zip,1Q-Ijtp0wVJDobY66t-CdV8hXhpC9T5ZQ,/data/cyt/TrackingNet/TRAIN_9/zips/hUJMSp4rMrc_0.zip
TRAIN_9,GAnYrNhN90c_1.zip,1N3TF0fWnosQHKq2TFdtxuumkiJiSMQj9,/data/cyt/TrackingNet/TRAIN_9/zips/GAnYrNhN90c_1.zip
TRAIN_9,GC_4PRhWwy0_1.zip,1ihBP6WEII3K0OXP2tTgzUKkUaS9-mB3x,/data/cyt/TrackingNet/TRAIN_9/zips/GC_4PRhWwy0_1.zip
TRAIN_9,gBoebgAjbVw_0.zip,1z-OdsP1KKqlcACNokGwBRkAfBxRY_ssk,/data/cyt/TrackingNet/TRAIN_9/zips/gBoebgAjbVw_0.zip
TRAIN_9,grbP7mKMX_A_1.zip,1eAzpEDZ6J55hcp8YaEbmk71HuVoj6fQg,/data/cyt/TrackingNet/TRAIN_9/zips/grbP7mKMX_A_1.zip
TRAIN_9,jiAVTB1keAQ_0.zip,1QUsIxBlv4fq8XC47ZJ3aoJ8FtTgwVcwS,/data/cyt/TrackingNet/TRAIN_9/zips/jiAVTB1keAQ_0.zip
TRAIN_9,gonzAOezSOQ_2.zip,1_WlXxF86_LvTrTJr9JkW2nDhDk50lHtW,/data/cyt/TrackingNet/TRAIN_9/zips/gonzAOezSOQ_2.zip
TRAIN_9,hpRxBuFhZ4M_2.zip,1X8qlDM2y11m9d5YpNRN9gqFD5qwijfPy,/data/cyt/TrackingNet/TRAIN_9/zips/hpRxBuFhZ4M_2.zip
TRAIN_9,In_dBFPRoso_1.zip,1ntyeqq98QMxFK25k_-vTJcKka0afO4FM,/data/cyt/TrackingNet/TRAIN_9/zips/In_dBFPRoso_1.zip
TRAIN_9,GDPBufHJ6pE_0.zip,1rhwov11X4imJ6ZJpc_ljpLHtadLIqTOJ,/data/cyt/TrackingNet/TRAIN_9/zips/GDPBufHJ6pE_0.zip
TRAIN_9,H9AQUC0N1zI_0.zip,1Bvx9_CrkHX8dHR7sObQJQy3opbW_1oBC,/data/cyt/TrackingNet/TRAIN_9/zips/H9AQUC0N1zI_0.zip
TRAIN_9,o0VArHW9gpE_2.zip,1_HHpMUgZYPtY5CynZN8mdWMwLqJ1HDE1,/data/cyt/TrackingNet/TRAIN_9/zips/o0VArHW9gpE_2.zip
TRAIN_9,H55Ru4hgats_2.zip,1dWFru37AYsAlco9fIolLHmTTIarGyGbA,/data/cyt/TrackingNet/TRAIN_9/zips/H55Ru4hgats_2.zip
TRAIN_9,HirBTVnhNls_0.zip,1XT0PsbVUI-KEk3Rzp028Ae0amRbdVzPW,/data/cyt/TrackingNet/TRAIN_9/zips/HirBTVnhNls_0.zip
TRAIN_9,HP6YRIGqiI4_0.zip,1rASup-tw1DE_KJ3NBR30SA5xhaC292tE,/data/cyt/TrackingNet/TRAIN_9/zips/HP6YRIGqiI4_0.zip
TRAIN_9,IUdyfRMOyX8_1.zip,1yuK3cBoA73ivjnv8RDITeZGhasPYNIh6,/data/cyt/TrackingNet/TRAIN_9/zips/IUdyfRMOyX8_1.zip
TRAIN_9,Gzrgq_nWH_Q_0.zip,1RJ5_yfCyj5nXLqvCRBVVTmz43ZcTZW6Y,/data/cyt/TrackingNet/TRAIN_9/zips/Gzrgq_nWH_Q_0.zip
TRAIN_9,GAF3BbJqKos_0.zip,1yVH2YihpwZywfosdZQPNKoy1k47xn0Vk,/data/cyt/TrackingNet/TRAIN_9/zips/GAF3BbJqKos_0.zip
TRAIN_9,jjKsYbTw1qk_0.zip,1GsRfU3gkrzdDoZp1lthHROOhUtiuHzpv,/data/cyt/TrackingNet/TRAIN_9/zips/jjKsYbTw1qk_0.zip
TRAIN_9,hPWhKQfDoXg_0.zip,1YyEoKjgOXb3sTqdXPTOCkWwnldC8Eclr,/data/cyt/TrackingNet/TRAIN_9/zips/hPWhKQfDoXg_0.zip
TRAIN_10,hulFEZUNu10_0.zip,1_vz6A1kqW4NJESoZ71KKhg-1hcU5CvnS,/data/cyt/TrackingNet/TRAIN_10/zips/hulFEZUNu10_0.zip
TRAIN_10,hYTIV5X87S4_0.zip,18ATtOa9N9_z6_uXZSE7M-zYf_rn6rBem,/data/cyt/TrackingNet/TRAIN_10/zips/hYTIV5X87S4_0.zip
TRAIN_10,GZLsv-Y_aRw_0.zip,1zUpRIn1wPjbeJa_w2IgK_5t4_sL3Gysz,/data/cyt/TrackingNet/TRAIN_10/zips/GZLsv-Y_aRw_0.zip
TRAIN_10,fWLqbV7Z7Go_0.zip,1jTPSBG1GeIPM_p2iTIKYeP4qLG69a1UO,/data/cyt/TrackingNet/TRAIN_10/zips/fWLqbV7Z7Go_0.zip
TRAIN_10,g0LufqNJtss_1.zip,1NBTi79MgIucBjRQbsub_2LK-_xc7spJE,/data/cyt/TrackingNet/TRAIN_10/zips/g0LufqNJtss_1.zip
TRAIN_10,h-9WCj8sB6o_3.zip,1OQZTM1bUQAv6_P09eZjD7WMtNyNp7ZUQ,/data/cyt/TrackingNet/TRAIN_10/zips/h-9WCj8sB6o_3.zip
TRAIN_10,fVH3n0aghP4_1.zip,14QfrHxNXPcZQHJ3lh5D_xu_5RyvhmXPf,/data/cyt/TrackingNet/TRAIN_10/zips/fVH3n0aghP4_1.zip
TRAIN_10,hoLnPrkJ6sE_0.zip,1vPxOr2lqtuohxNNcUeiV6uWkyw_TDbw0,/data/cyt/TrackingNet/TRAIN_10/zips/hoLnPrkJ6sE_0.zip
TRAIN_10,GLOfyCC7cpg_0.zip,1MXlICp-luiyCCM2TwFun_oSIWg0gmXDL,/data/cyt/TrackingNet/TRAIN_10/zips/GLOfyCC7cpg_0.zip
TRAIN_10,Guf15LHosg8_0.zip,1_NTsI1J3ISgnGg0v0CJRNIbzYqt8cHQs,/data/cyt/TrackingNet/TRAIN_10/zips/Guf15LHosg8_0.zip
TRAIN_10,hMLkMrqUtA0_0.zip,1KkJhZMrFkVQVh--gMz9OytA8ycoL_Odg,/data/cyt/TrackingNet/TRAIN_10/zips/hMLkMrqUtA0_0.zip
TRAIN_10,GhMC34aeHnU_2.zip,1Wso-pVjnHLLyS-9193M2AhgK38JR3HRH,/data/cyt/TrackingNet/TRAIN_10/zips/GhMC34aeHnU_2.zip
TRAIN_10,GosFitiV7as_0.zip,1IYxkdNW2el3XMoMFFLBx2vCdR0Sc4rRH,/data/cyt/TrackingNet/TRAIN_10/zips/GosFitiV7as_0.zip
TRAIN_10,GOWRiwkZo2U_0.zip,1IUs_OEOFRXix82v6hfu_FOOvbt2T3nIY,/data/cyt/TrackingNet/TRAIN_10/zips/GOWRiwkZo2U_0.zip
TRAIN_10,fUetaCH3tZk_0.zip,1R6Wm9iY7ogUqmkOQ780iBwDVFrqpiudv,/data/cyt/TrackingNet/TRAIN_10/zips/fUetaCH3tZk_0.zip
TRAIN_10,GizeLrnWRmk_0.zip,1kMN9xBoLmrEf-gTuHeW2TFpvwFTfyu6c,/data/cyt/TrackingNet/TRAIN_10/zips/GizeLrnWRmk_0.zip
TRAIN_10,GklwzbjOzYQ_0.zip,1BHHScAL4xjlmnyqy3aV4p15OmR9jhWgc,/data/cyt/TrackingNet/TRAIN_10/zips/GklwzbjOzYQ_0.zip
TRAIN_10,GlxEVs7z_7Y_0.zip,18gH_tyRiStUivqlLQWI64sZtYDV3CnKA,/data/cyt/TrackingNet/TRAIN_10/zips/GlxEVs7z_7Y_0.zip
TRAIN_10,GMLP7F_Da2w_0.zip,1b4EDJJBag0uxz_f82aZS82ZkvgTPq22s,/data/cyt/TrackingNet/TRAIN_10/zips/GMLP7F_Da2w_0.zip
TRAIN_10,GJMk0Meedm0_0.zip,1eEyaUSha_UHQ8DIRQ7XAO2nqiwayEdWd,/data/cyt/TrackingNet/TRAIN_10/zips/GJMk0Meedm0_0.zip
TRAIN_10,GTt9sqczKqg_0.zip,1TlOyitx1vbZYH40yeZpKqaw1ozv5QmuH,/data/cyt/TrackingNet/TRAIN_10/zips/GTt9sqczKqg_0.zip
TRAIN_10,GKlP0uncbyg_4.zip,1-qYV8YywbqYHmCS0uExAa1Y4pD995wKx,/data/cyt/TrackingNet/TRAIN_10/zips/GKlP0uncbyg_4.zip
TRAIN_10,GhBPvHC15BE_0.zip,1SdVOe7tOwPV-a5SX1iusNu5sQvdxmcbS,/data/cyt/TrackingNet/TRAIN_10/zips/GhBPvHC15BE_0.zip
TRAIN_10,GtZSRodviU8_0.zip,16h_1BAHJjYJCApQieF00bNtR0FsY9QJf,/data/cyt/TrackingNet/TRAIN_10/zips/GtZSRodviU8_0.zip
TRAIN_10,fYtm_pGBWkU_0.zip,157jZab4lvMOsjyjJcC-HWGVfnah4-Rqi,/data/cyt/TrackingNet/TRAIN_10/zips/fYtm_pGBWkU_0.zip
TRAIN_10,hxUn2A7Ko2g_0.zip,1b2m88gBWX14otdwYMY7NHWw9A_GeyWxr,/data/cyt/TrackingNet/TRAIN_10/zips/hxUn2A7Ko2g_0.zip
TRAIN_10,gp2SDJHMADo_0.zip,1pvzLLyP9TQvt6b7eCNBTgemJvUH0QMNw,/data/cyt/TrackingNet/TRAIN_10/zips/gp2SDJHMADo_0.zip
TRAIN_10,Ge4SjOnEYWs_0.zip,1ycq6T1_NC8RXtE2JPUMVUViYgOvUzCGr,/data/cyt/TrackingNet/TRAIN_10/zips/Ge4SjOnEYWs_0.zip
TRAIN_10,MOR6ErlJIp8_0.zip,1qy6WwQQ2eu76xgzmSvXgdgUk6oHvWJSg,/data/cyt/TrackingNet/TRAIN_10/zips/MOR6ErlJIp8_0.zip
TRAIN_10,fVHZEHosow0_2.zip,182xghj04uDk0UUz8y4UirwwIrGs7f5UI,/data/cyt/TrackingNet/TRAIN_10/zips/fVHZEHosow0_2.zip
TRAIN_10,fVH3n0aghP4_0.zip,1Ih4hLHUUcPgcbUs3PWC4puDbDZqItyKt,/data/cyt/TrackingNet/TRAIN_10/zips/fVH3n0aghP4_0.zip
TRAIN_10,fUB-cH8rjW4_1.zip,1ftodH4vVdpcsmIlJumsNUW3QxWeVmar5,/data/cyt/TrackingNet/TRAIN_10/zips/fUB-cH8rjW4_1.zip
TRAIN_11,5iYpaHYUElI_0.zip,18CKVaVqkKMoKIoG7F1HCIA29oQVT3buM,/data/cyt/TrackingNet/TRAIN_11/zips/5iYpaHYUElI_0.zip
TRAIN_11,f9H0LrBLc9Y_3.zip,1BkbiOGgT20Ro_Z4IFXIq8qo0N-cDeeVu,/data/cyt/TrackingNet/TRAIN_11/zips/f9H0LrBLc9Y_3.zip
TRAIN_11,f8cW6kw6240_0.zip,1ePU3cek-thk5Ub36DgT9rjTUu6m2mREE,/data/cyt/TrackingNet/TRAIN_11/zips/f8cW6kw6240_0.zip
TRAIN_11,f-niuVrgiIc_1.zip,1fzwKdhmgQX9IUS6WVdJlRGad2BqeFZ6L,/data/cyt/TrackingNet/TRAIN_11/zips/f-niuVrgiIc_1.zip
TRAIN_11,f1fEuZwBkDQ_0.zip,1IFnfplCDkK7cMYlidiCGdfeGkkM9H-t9,/data/cyt/TrackingNet/TRAIN_11/zips/f1fEuZwBkDQ_0.zip
TRAIN_11,7a_nsGmUZNU_0.zip,1GxfPFjg3scnd6Ej-zzeb7YWXEXWvRcSm,/data/cyt/TrackingNet/TRAIN_11/zips/7a_nsGmUZNU_0.zip
TRAIN_11,fgEpQHGYIjc_0.zip,1oEl82ksq7k82EyWT5GNoAvryb5wvZ6-V,/data/cyt/TrackingNet/TRAIN_11/zips/fgEpQHGYIjc_0.zip
TRAIN_11,7uR1cEVdMDo_0.zip,1rQgIJ5zoZBRaRo5YnwaTqBSNSOxgh8KD,/data/cyt/TrackingNet/TRAIN_11/zips/7uR1cEVdMDo_0.zip
TRAIN_11,f6dVANLzPTY_0.zip,1H6umc3zccpnPFf3RJpBMNSxjXNV3QvNS,/data/cyt/TrackingNet/TRAIN_11/zips/f6dVANLzPTY_0.zip
TRAIN_11,f2ypHkP1WUg_0.zip,1MMsckqg73UpfJV3RtCpOxEArRhFIKHpG,/data/cyt/TrackingNet/TRAIN_11/zips/f2ypHkP1WUg_0.zip
TRAIN_11,6MVLpYA1t8E_1.zip,1u_UleIg0x-kZCQNJPpQ7HQbvXuMUdDKl,/data/cyt/TrackingNet/TRAIN_11/zips/6MVLpYA1t8E_1.zip
TRAIN_11,7kaTL52xbiY_0.zip,1W-FM32eRdwXoOQ4XV1WdKpSn33RFgqkn,/data/cyt/TrackingNet/TRAIN_11/zips/7kaTL52xbiY_0.zip
TRAIN_11,7-ugeb_4vqE_0.zip,1MgDrOgUoXjN1zoVOIGe8oueEo47ffdW5,/data/cyt/TrackingNet/TRAIN_11/zips/7-ugeb_4vqE_0.zip
TRAIN_11,gD5_x_Bz1z4_1.zip,154yj1Cq8N88MyjGNky64krZ8H-pH2Bl6,/data/cyt/TrackingNet/TRAIN_11/zips/gD5_x_Bz1z4_1.zip
TRAIN_11,GzizYdL25ZY_0.zip,1_SE9rqQ2bclNeokobewq4nHopYuK5fqx,/data/cyt/TrackingNet/TRAIN_11/zips/GzizYdL25ZY_0.zip
TRAIN_11,fzrGdIi_J9k_0.zip,1mEiMhSQnyT48xYM6jp9pYf5sNmg3-90s,/data/cyt/TrackingNet/TRAIN_11/zips/fzrGdIi_J9k_0.zip
TRAIN_11,Gzy_PnFtEpM_0.zip,1dR5fs2BcHkxUa-qCQ4UTzbT1_ZsaApT_,/data/cyt/TrackingNet/TRAIN_11/zips/Gzy_PnFtEpM_0.zip
TRAIN_11,fpkxYBJDTtI_1.zip,1t3VKQ5IhHukNW7Dfbu8Sg2FzGjNn6QSs,/data/cyt/TrackingNet/TRAIN_11/zips/fpkxYBJDTtI_1.zip
TRAIN_11,f9ovukmKaq4_1.zip,1oiBrvLayWg0cFDLebrj7LFtLFEMwnHG3,/data/cyt/TrackingNet/TRAIN_11/zips/f9ovukmKaq4_1.zip
TRAIN_11,gA2FDYNulg8_1.zip,13nxqTq7AIOHREZ2g5JHYWYE7BxZNuSbS,/data/cyt/TrackingNet/TRAIN_11/zips/gA2FDYNulg8_1.zip
TRAIN_11,7HD-o1yj47U_0.zip,1NEiIn-IDxoPdktK6L55DaeAvdMs-KgEV,/data/cyt/TrackingNet/TRAIN_11/zips/7HD-o1yj47U_0.zip
TRAIN_11,fjZ4J-BZX2U_0.zip,1K-qU8SHSCB83dpVbmO437KoqAqe4eUXY,/data/cyt/TrackingNet/TRAIN_11/zips/fjZ4J-BZX2U_0.zip
TRAIN_11,faW2tWwuCMg_1.zip,1VtYtCd1MRfdkUVzaCdDltTYhi28ZUNDV,/data/cyt/TrackingNet/TRAIN_11/zips/faW2tWwuCMg_1.zip
TRAIN_11,6t0mbpnPPdg_0.zip,1m60sNFT7WAQF-w8yLfS_E6zGDkXOkqLX,/data/cyt/TrackingNet/TRAIN_11/zips/6t0mbpnPPdg_0.zip
TRAIN_11,G3cazaory7w_0.zip,1zoCGmvOmTmIwKEqCaL7eTg3btHlui9md,/data/cyt/TrackingNet/TRAIN_11/zips/G3cazaory7w_0.zip
TRAIN_11,f4XkIcezAd8_0.zip,1RH2_74OXq8jgDYx1eL6HViHL_KnNU3ZQ,/data/cyt/TrackingNet/TRAIN_11/zips/f4XkIcezAd8_0.zip
TRAIN_11,f38P7AlhP5g_0.zip,1xqYiRduNDRj-ma1LbyIKaZ-a92geOI2G,/data/cyt/TrackingNet/TRAIN_11/zips/f38P7AlhP5g_0.zip
